probe_id,GSM254625,GSM254626,GSM254627,GSM254628,GSM254629,GSM254630,GSM254631,GSM254632,GSM254633,GSM254634,GSM254635,GSM254636,GSM254637,GSM254638,GSM254639,GSM254640,GSM254641,GSM254642,GSM254643,GSM254644,GSM254645,GSM254646,GSM254647,GSM254648,GSM254649,GSM254650,GSM254651,GSM254652,GSM254653,GSM254654,GSM254655,GSM254656,GSM254657,GSM254658,GSM254659,GSM254660,GSM254661,GSM254662,GSM254663,GSM254664,GSM254665,GSM254666,GSM254667,GSM254668,GSM254669,GSM254670,GSM254671,GSM254672,GSM254673,GSM254674,GSM254675,GSM254676,GSM254677,GSM254678,GSM254679,GSM254680,GSM254681,GSM254682,GSM254683,GSM254684,GSM254685,GSM254686,GSM254687,GSM254688,GSM254689,GSM254690,GSM254691,GSM254692,GSM254693,GSM254694,GSM254695,GSM254696,GSM254697,GSM254698,GSM254699,GSM254700,GSM254701,GSM254702,GSM254703,GSM254704,GSM254705,GSM254706,GSM254707,GSM254708,GSM254709,GSM254710,GSM254711,GSM254712,GSM254713,GSM254714,GSM254715,GSM254716,GSM254717,GSM254718,GSM254719,GSM254720,GSM254721,GSM254722,GSM254723,GSM254724,GSM254725,GSM254726,GSM254727,GSM254728,GSM254729,GSM254730,GSM254731
214387_x_at,12.83044465,14.42839454,8.842684152,14.32827121,11.89630264,12.39951055,10.1552142,13.51628132,7.379175115,14.37922763,14.10142658,8.494965475,12.37335292,14.40694871,11.67393047,14.03222388,10.48121199,7.063336067,14.50421923,13.77124746,13.45347329,14.57980233,9.666093455,11.91693941,14.44417697,11.06313721,14.33127281,7.723402946,14.64092657,13.11952483,14.53262141,13.38016083,8.217831122,14.53787836,11.57781186,14.61409409,12.05099651,14.37937645,7.878582219,9.108457222,14.60398528,9.867503875,13.9129129,7.626789942,14.36472304,13.03477322,14.33074415,10.72780109,14.3562211,11.5543143,9.077677448,14.19594389,14.0813905,7.4368482,14.36185965,10.44207347,14.2330507,7.691449045,14.21027379,11.70832466,14.36826113,11.95870697,10.76157908,7.656325308,14.43302546,7.809828342,14.30850604,8.990980747,14.35287106,12.87489344,14.13094501,7.298853628,7.926190671,11.36365534,14.18070248,9.558866485,8.683632249,14.43755725,14.45108585,10.99973332,13.09093897,14.27917828,7.799961098,13.98954733,11.91674077,13.92945681,14.63068729,14.24364764,14.31920623,8.928353012,14.14333502,8.245774984,14.39878017,7.675932131,14.47842071,8.103755644,10.50900997,9.706984486,9.723688608,10.85658636,14.39601957,12.17307783,14.56065379,10.02093694,13.0840302,14.38733217,14.36113071
211735_x_at,13.29647112,14.70828299,9.149426029,14.50959215,11.95578398,12.59164778,10.45839415,13.50352842,7.94832302,14.65366213,14.36484556,8.471148639,12.86827379,14.66430841,12.09297607,14.48636257,10.6652693,7.392847339,14.73184897,14.05686935,13.74715934,14.69211921,10.214212,12.07758345,14.76230179,11.14520884,14.47779342,8.01696464,14.75817754,13.57691865,14.82864797,13.58107552,7.966561337,14.72529541,11.94402337,14.7355095,12.39196122,14.80924054,8.011154456,9.080279534,14.68481964,9.751187783,14.01146939,8.092713354,14.74326044,13.46199589,14.8622566,11.09180344,14.71367432,11.9995301,9.737234629,14.77744654,14.35372296,7.561087003,14.6722983,11.21443088,14.46034436,7.880794656,14.69191745,11.77110334,14.52693246,12.12795211,10.88015205,7.696016579,14.71271068,8.1608769,14.7079326,9.455755282,14.5560891,12.92790973,14.5015005,8.109704943,8.11133816,11.86594442,14.83379003,10.00772665,8.784549933,14.64867892,14.33985471,11.2378834,12.92241074,14.19429891,8.276683254,14.40314618,12.39461187,14.06023628,14.78455282,14.28996638,14.55049707,8.932958801,14.28210183,8.292921031,14.63560793,8.916100755,14.77596606,8.756108566,10.72605332,9.881302745,9.876201325,11.00514591,14.7457078,12.55725861,14.77154582,10.36729144,13.47030117,14.73080667,14.60188818
205982_x_at,13.21034066,14.61699744,9.293763972,14.53984641,11.84930093,12.18154614,10.42659835,13.52933442,8.042806922,14.68980184,14.32260707,8.488541588,12.76856922,14.59066168,11.7101301,14.4710772,10.7533769,7.689022104,14.77026349,14.0014686,13.50997676,14.59297175,10.22379829,11.92804485,14.78873576,11.07444168,14.44140069,8.065239731,14.7690287,13.46303858,14.64414657,13.54832418,8.397089075,14.64481537,11.83703006,14.68928735,12.30396872,14.62133732,8.43720348,9.099132189,14.63560842,9.607011237,13.89397127,7.939126369,14.64903111,13.36822993,14.65743773,10.93521449,14.69960683,11.80357055,9.646649253,14.6760411,14.08693205,7.236215723,14.60793186,11.14452836,14.38152192,7.728382366,14.6751196,11.57339072,14.45235964,11.94820494,10.90401332,7.540899764,14.6604791,8.043301362,14.75910692,9.315328825,14.47766164,12.76977905,14.48676392,7.776102969,7.995712425,11.72084147,14.74755439,9.803600295,8.768292837,14.50206009,14.42780701,11.277363,13.00252655,14.27220896,8.415183041,14.33771312,12.44569473,13.9399634,14.67139658,14.31089651,14.31159152,8.84346997,14.06365572,8.693898705,14.59556557,8.58604122,14.76229479,8.639196396,10.60701461,9.792825733,9.75687337,11.14739098,14.55352946,12.3048036,14.69886643,10.3468505,13.32825167,14.45770833,14.51248203
210081_at,8.938857271,12.76051032,6.236950082,12.17016179,6.766629139,7.719830681,7.101196718,10.06915962,6.411932638,10.68537706,12.14507533,7.41971238,8.944808897,11.0174357,8.146814261,11.27088146,6.685747996,6.593288507,12.79888208,11.00974535,9.178185076,12.6559834,7.208859981,6.97350455,12.78782682,8.071817724,12.0752222,6.712576727,13.22618782,8.180525189,12.9345263,10.64339099,6.278461217,12.63237385,7.543390003,13.06910914,7.819870357,12.86044045,6.88926,6.685123925,12.16632717,6.695042585,10.94083954,6.585297588,12.73281096,8.171248293,12.15960516,7.759076467,13.03748609,8.210002192,7.251408192,11.9795063,10.72321194,6.768387507,12.35869814,7.228421354,10.64975589,6.560791085,11.40578407,7.3386497,12.32035415,6.718040199,7.452107859,6.692223825,11.03336973,6.456124701,11.63679199,6.585482223,12.30500758,9.63968345,10.07582738,6.699969241,6.661076434,7.501212627,12.19013646,7.376908039,6.961248788,13.13661134,11.91467416,8.147582647,8.739463533,11.62244053,6.770951986,11.41233211,8.249301825,10.09765582,12.26599821,10.64910032,12.5235986,6.84004471,12.65784862,6.638242244,11.91233564,6.598863349,13.29792595,6.925050773,6.771235842,10.61400096,7.028995803,7.265589789,11.78489408,8.015221289,12.47187536,7.125061845,9.478139678,12.74041064,12.56269979
209875_s_at,12.05057494,7.824963839,10.71979692,6.971390415,11.59258449,10.10244956,11.12733,12.27376725,11.52260705,7.65937888,6.81738797,13.01259513,11.59981859,8.229329699,11.21106093,7.022259379,12.00519196,11.34191086,7.514881288,8.142947303,9.170962008,6.40772576,12.09630215,11.52823025,7.397186126,12.59076722,7.23828811,12.33393872,6.417708499,9.201310714,6.430000055,11.10666289,11.86943836,7.404735248,11.9115508,7.938899012,13.16649786,7.010433205,12.70651611,11.41018616,7.294331729,11.77905869,7.229010084,11.38507163,7.014811684,11.72112822,6.5792273,12.93593748,6.417413232,12.05959984,11.80973882,7.608888797,7.496933014,13.34023242,6.817841196,12.84056703,7.462453566,12.74269851,7.392793732,12.36625974,7.393709374,12.16080714,11.36891816,11.6144326,6.790764034,12.88836497,8.526551826,11.90671475,6.749566156,11.07339789,9.527479403,13.3183853,10.90563068,11.2101181,5.550601239,11.24087818,12.17258557,6.502140403,7.027090395,10.0310642,8.945150961,6.576236634,11.741793,6.491758039,10.10244516,8.300925693,6.917151149,7.047479664,7.388725528,11.31566098,7.458995712,12.5336199,7.161646258,12.90955336,6.123099658,12.87849652,9.735208969,10.46205578,10.89825617,13.31332361,6.920627297,11.71755763,5.901972938,12.32818111,12.24510288,6.990674063,7.080171753
205725_at,9.409865171,10.72677554,6.793948371,8.267276784,6.869681937,10.31801881,8.161769573,6.843726008,10.18576741,8.461742883,14.04737295,8.087947054,8.948523184,11.87783422,9.777586337,9.374060317,6.535250489,6.421266163,13.14704943,10.61984969,6.626544342,13.7926938,10.6502923,7.372046812,12.54054771,10.12301832,8.108672175,6.990038619,13.61813298,11.13030514,11.60317387,10.9175785,12.58826699,13.26389958,10.66551016,10.76958223,9.935049178,13.31475787,6.537941642,7.208433242,7.84352524,7.971288051,13.16936193,11.59189977,12.01572475,7.330419571,10.20961749,9.690880116,13.37233381,11.34927778,8.987411533,12.47464994,10.5467792,6.263679667,12.20649949,9.050834409,13.28625048,9.553651365,11.57823738,9.059357736,8.229875629,9.875700454,9.552563495,6.57914686,12.86320118,7.272618588,11.91564087,6.162702693,13.00182565,10.7452585,7.80472792,7.833819284,6.640442245,6.292857111,12.00733532,10.64032603,8.528933287,13.4815908,13.50717004,7.720618633,10.84324911,6.66408472,9.259731282,14.03063727,9.91058264,12.47579429,13.55186775,9.870046336,13.23432521,7.770307523,11.79663981,7.529767844,12.12046152,6.747324885,13.53845475,7.747406568,6.563231707,6.441448905,13.86018584,12.51783332,9.719717511,12.91121348,12.30874195,12.64868907,10.06389978,12.41160428,12.10946292
210096_at,8.949339062,11.57681274,5.260867771,11.2343915,10.13248892,8.054727834,7.867010291,9.993956006,5.956362805,11.19098222,11.12941904,5.845399734,7.195270576,9.396193846,6.559841386,10.94685432,7.644304319,4.706739421,11.22968886,8.152771461,6.087357696,11.50426404,6.565922939,10.23217704,11.2945379,7.31140796,10.51019249,4.72141689,10.71596974,10.54575152,11.15351704,9.060568092,6.284512626,11.17757155,9.278421719,11.09406395,9.739395954,11.14107928,9.187092492,5.731433466,11.36366171,5.430890168,9.726914586,6.754780419,11.65327971,7.507151785,10.37683616,6.984445769,11.52975752,8.084825064,5.692859486,10.68098971,8.987415058,5.193467407,10.25276035,5.914977901,11.22989045,6.138573839,11.09754972,6.903621133,11.06599626,6.064864234,7.125817486,5.673639143,11.52955862,5.022597237,11.00448707,5.504884882,11.26197152,9.621921986,10.34629362,4.370211115,6.515428122,6.887485657,10.93804832,5.244672929,10.3316062,11.49884353,10.88728947,6.371378959,8.848776666,11.09529763,4.782291595,10.84837108,8.090297769,10.31136523,10.43509431,8.738638767,10.27476019,5.100483718,10.0697307,5.077340285,10.97735215,7.51525437,11.18408644,8.428354892,5.688024814,5.094014282,10.46487096,8.53134627,10.39196959,11.41910724,10.70558283,5.177206889,7.856781903,11.05021443,10.93633529
204712_at,8.210961345,11.42866449,4.076480189,10.51433177,5.687929044,8.008415463,5.034324469,9.328655735,5.293245223,7.930647334,9.974518562,5.227673314,7.743065159,9.724906674,6.940449822,8.792492535,4.883723177,4.330627416,10.84586658,9.804906305,7.063859805,10.63833381,4.879981256,9.333044953,11.26538728,5.895989357,8.950355868,5.078406288,10.73455327,9.757999778,9.878165021,7.79342843,5.196546464,11.33772141,5.831853073,10.32640541,6.315967356,9.584125013,5.354488604,4.738094334,8.556335081,5.334270813,9.939161972,4.856919996,9.611288761,6.204147116,10.53750532,6.348865902,9.565347702,5.143069347,7.0192014,9.738589655,9.433402673,4.902921173,8.782522372,6.150694648,11.07739909,4.527713634,10.75294382,7.021335381,10.54030303,4.954679343,8.696813073,4.61336512,10.25833034,5.06119194,10.02928788,4.983673538,10.51384637,7.461985941,9.844055164,4.229519146,4.388325197,4.491156064,10.1955464,5.513810648,4.506692758,10.19938385,10.35705701,6.011983756,7.666011815,9.707349623,4.973355332,9.892208088,8.674116692,10.02016159,11.09007229,10.64187474,10.55838423,9.488012279,9.272179651,4.542618361,9.035312635,7.578554854,10.04591928,6.16318897,10.25900243,8.619892686,6.270440519,6.781339822,8.750367646,10.46161557,10.01410411,4.932849987,7.466531941,10.51264232,10.26942391
215454_x_at,8.906810177,11.45000869,5.767177176,11.16484835,7.278176469,7.543686761,6.354304438,9.445069473,5.918339089,10.90945078,10.48166268,6.032619859,9.014783864,11.37709225,7.826920465,10.92735129,6.908764877,5.675943081,11.28983021,9.587447598,9.22446121,11.60230584,6.202006997,7.58792568,11.36017156,6.904706489,11.13942809,5.655944696,11.41795524,9.481311348,11.57105501,9.11387439,5.984456981,11.31764101,7.835881327,11.59383562,8.004323703,11.24046642,5.638476523,6.117438525,11.31350564,5.848663401,10.08270319,5.443000267,11.2463203,9.621046836,11.57387835,6.523744118,11.20131965,7.857004808,6.175374136,11.45972851,9.835344537,5.370752937,11.232156,6.935067916,10.67168559,5.512538403,11.38646358,7.373579883,10.56288187,7.46537467,7.966858646,5.130612354,11.39458119,5.462660322,11.341923,6.071093532,11.08175557,8.753443305,11.30876638,6.106612011,6.328507691,8.060357416,11.56598692,6.879620868,5.306059937,10.96656048,11.02240074,7.062732314,9.128369282,10.88009759,5.097759619,10.79313458,8.188216863,10.26999987,11.43422866,10.35295303,11.11503704,5.863869079,10.38982023,5.376702539,11.07611854,6.163190787,11.25719692,6.56551812,6.92868546,6.529144155,6.241474658,6.999646906,11.63918446,8.583235315,11.23687538,7.048545258,8.750266012,10.98245335,11.56001949
206239_s_at,11.04457465,6.182895961,9.144319715,6.195000094,6.187036893,12.47445661,7.10935538,7.359001288,7.037739637,6.373177144,6.064902597,11.17023224,7.080290832,7.283800839,11.41267293,6.151509161,11.1154667,10.80128718,6.486232458,6.213234377,12.62898218,6.203481967,7.730813701,12.26680635,6.395485993,8.68361921,6.42324506,13.11165686,6.403419638,11.6976616,6.50849363,6.082342565,11.66859593,5.940533792,8.722397682,6.361088441,9.953853433,6.100291746,10.77501973,11.67794793,7.252751005,6.503586059,6.498059383,7.414554018,6.193129373,10.39441007,6.077176819,8.334006402,6.176399175,11.76081432,9.104826264,6.591088702,6.242969432,11.6685752,7.238026437,10.09224226,6.423951388,6.472064734,6.576032638,7.077730748,6.268431477,8.143083792,10.26705507,7.70812413,6.146375509,10.43552652,6.722796601,6.6154515,6.118471714,7.694793825,6.834501195,10.53906919,6.55353612,6.234810148,6.077055558,6.369000138,10.8377209,6.368365443,11.762327,12.76840592,13.10967657,6.831550465,9.985915936,6.595243833,8.429248429,6.976349643,6.157215286,9.785210735,6.441660043,13.86886188,7.224500134,7.620593026,6.220150183,7.559190595,6.209048715,6.081246786,12.55480325,7.454702062,8.236209424,9.782439667,6.164451022,10.86315412,6.267126658,7.401055913,8.149994761,6.21640904,6.091709438
209613_s_at,8.575124864,11.07143755,4.790191513,11.05128784,8.135492868,8.491736303,5.26569875,7.479571709,4.483557004,10.37521887,10.4296352,5.078167674,7.697508823,10.2136502,4.960913586,10.61126313,6.038490823,4.619939042,10.32328382,10.8396903,8.518873451,10.83077302,5.796525722,9.727016146,11.25079913,8.365791258,10.8614997,6.2689825,10.98917717,8.281503455,9.732722856,8.752793577,8.000244337,10.86569524,7.528473193,9.993901676,9.297678866,10.48587819,4.507504431,4.750940501,10.48752047,7.214080223,10.53152504,7.10411505,10.7360536,7.18354544,10.68305627,6.668966672,10.35537985,6.330945603,5.416912395,10.79381043,10.01088462,4.710851662,10.78279572,6.169419784,11.78330707,4.718703897,11.04011594,4.787868431,10.23677356,7.534596504,7.638432169,4.95766048,11.2836014,4.976449672,10.38164173,6.183629609,11.37277107,8.842988568,9.151875616,6.543525482,4.417447489,6.226053606,10.57254878,4.729714565,7.113451633,10.50371675,10.27495832,6.20095237,9.251354726,10.68116292,7.354120174,10.71520519,8.541063493,10.21938097,10.14916483,9.590085126,10.41999439,8.800436354,10.46589713,8.794111011,10.4353695,7.654445519,11.00766111,6.38100148,4.701338136,6.271058233,10.11836716,5.974098965,9.635550982,9.688581767,10.23045586,7.907997004,8.812729134,10.94768657,9.879954557
203980_at,8.898654706,11.92257796,5.866937665,10.97347092,5.931799936,7.775933607,6.342760282,7.660459189,6.750303429,11.43866304,10.68779011,6.391223696,8.639845038,11.0138782,7.756806161,11.10554655,6.463028621,6.522794743,11.61567071,9.150358059,8.034805074,11.10812396,5.805520829,6.933978308,11.49524546,6.654114846,11.77491167,7.744603945,11.59261805,7.381229884,12.0750797,8.94708051,6.373024499,11.22676011,7.069240453,11.60293541,6.9047006,11.43797766,6.587216499,6.432157016,11.37384997,7.548246342,10.61534262,6.524619362,11.64366349,7.367046922,10.85639086,10.22882672,11.65148473,6.336796433,6.581292962,11.73624958,10.20558293,6.720670328,11.15236456,7.24284095,11.21168477,6.963528797,12.19890221,7.273160642,10.34518147,7.938560769,7.645512733,6.408252314,10.36033626,5.91629855,11.30983153,6.507436368,10.59686894,7.532871986,8.452365547,6.209464263,5.873372236,6.771347369,11.21960329,10.18654983,7.882913763,11.08476295,11.67845839,7.452401973,7.241520687,11.49113847,6.551343358,10.29197561,8.052623076,10.60048809,12.29320032,8.142101286,10.56332311,6.658558982,10.72703147,7.534745702,11.02415154,7.03276664,11.34549543,7.323579445,5.873615662,5.728433186,9.83162627,6.31119869,11.33976905,8.455947151,11.69062018,6.58397866,9.250586494,11.22524778,11.63727547
219230_at,7.696954939,12.02504741,6.117667712,11.98350318,6.288795109,6.125967305,6.331726821,9.294606316,7.060958833,10.57242993,9.915716737,5.724338036,7.912371977,9.858965454,6.14939195,10.0971623,8.023988153,6.017186756,11.34159128,11.43618861,6.997989686,9.674847795,6.809770068,6.554570905,11.2341667,6.976088018,7.849312977,5.96294032,10.01197365,7.437601712,11.11409561,9.385992753,7.030672179,11.33176557,7.270299175,10.94919814,6.639467556,11.25992728,5.898228941,6.273140583,11.53368011,10.30290018,10.21431416,6.926215584,11.29126112,7.027788187,10.1586116,6.364510636,11.54257665,6.459994621,5.893569913,10.93801088,7.353388144,5.466813463,10.98077137,5.824200798,11.50512234,5.929189237,11.19117587,6.282328144,11.45057946,10.78400348,6.82326913,6.427104799,11.5442433,6.289657393,11.45717899,6.298368509,11.04453195,7.327336077,8.735602585,6.161515882,5.945821216,5.894149847,10.75216516,5.96063867,8.56686637,11.42549426,9.223318255,5.81688923,8.661331793,10.12244366,6.263199255,8.911185904,8.588633716,8.689255371,8.155336804,10.61578712,10.67978022,6.435383162,11.76910958,9.291021772,9.404915793,5.976693416,11.33319111,5.745349309,6.465301277,6.582069793,6.743064128,5.995354478,9.425989956,7.619890617,11.21137715,7.558384443,7.73973912,11.37219179,10.7829298
204475_at,7.432078916,4.629912265,5.591783247,4.802915156,4.479844943,6.82934869,4.975770549,5.414632639,7.383730977,4.664887491,4.725386058,8.364296917,9.640179791,5.299026137,6.881506822,4.57251572,4.916076487,5.177784164,6.898504992,4.65919718,11.2843213,4.613961169,8.387084013,4.714829526,4.752890573,10.39680097,6.571529178,9.762649291,4.92784331,5.657822172,4.38635541,9.81084829,10.30476296,4.466028412,5.481125536,4.685509193,11.68769575,4.444253403,7.126488565,7.104831114,5.400737491,8.258604003,5.193494342,7.732611415,4.641715741,11.00716711,4.591409707,7.364690857,4.414056595,8.990695852,8.448110659,6.416184388,4.877966343,9.291643544,4.82933019,6.946358362,4.633398052,11.81810595,5.74939897,9.243645061,5.058996663,7.424243064,10.53902592,12.4890455,5.10535691,10.52720667,5.192064912,7.589646076,4.677228653,6.095005011,4.754883047,9.809741845,7.599246844,5.357351619,4.441639909,11.56719438,5.801421725,4.636872617,4.594523377,5.811483921,8.795001936,5.9195063,7.371613178,4.577430526,7.156128582,6.215127008,4.759572608,4.879491035,4.99462657,7.882306588,4.875137064,7.60677221,6.311694339,5.936552971,4.407510434,6.96256109,6.887436301,6.747662369,4.975175572,6.805461555,5.104837617,7.463742288,4.651564334,7.232050319,5.498385192,4.544185948,4.596161345
38691_s_at,14.60074169,15.08117792,10.85721617,15.02208475,13.63714761,14.06527903,12.40411338,14.82852635,8.718863926,15.11188187,14.97414518,9.834255736,14.11502596,15.1608616,13.43010783,15.08187735,12.65858321,8.708494536,15.2336925,14.93201642,14.72043791,15.24822482,11.6575915,13.75145633,15.14405828,13.14592471,15.10929472,9.694444932,15.19432772,14.70853781,15.11679632,14.61092033,9.879711856,15.13835069,13.38693101,15.20834341,14.09551038,15.10969418,9.646190682,11.35900904,15.1286351,12.02655955,14.84012735,9.593545943,15.20187259,14.47007622,15.12418538,12.89382055,15.10480308,13.57051774,11.58191344,15.09376262,14.88120702,8.87563502,14.94319907,13.00864946,15.16977554,9.378005019,15.05641909,13.21101542,15.07919976,13.58593162,12.28774408,9.696350985,15.23193589,9.755516188,15.1662414,11.08509974,15.04434718,14.21197504,15.05707323,8.841829934,9.174180053,13.19956224,15.11152566,11.46083026,10.84539998,15.01251103,15.12429465,13.25542813,14.30646998,15.1117794,9.897461739,15.05929659,14.34888191,14.93627063,15.14387698,14.96178063,15.10647608,10.96689507,14.96428844,10.04389589,15.11457907,10.19603675,15.12457174,10.21971212,12.60566501,11.49393918,11.47904996,12.7416534,15.10592719,14.2086852,15.20231612,12.03925124,14.49226201,15.14215371,15.03093378
201909_at,11.90000671,11.99782937,9.585760769,11.89634687,7.419096902,11.37819421,11.65149195,12.02486084,11.46575868,11.26627549,7.424063711,7.098518035,7.496129572,7.20502556,7.417617806,7.205664856,10.15845713,7.260985067,11.98805095,11.49516939,10.81223275,12.14094214,10.55416002,7.562695514,7.266535401,7.16410408,7.513869271,7.627034523,6.72887417,7.45556899,11.88246829,7.702543323,11.01419191,7.538063513,7.391591963,7.272988379,7.547808045,11.86708267,11.0277881,12.03044561,7.734779028,11.47223788,11.53742996,10.90108264,12.18951426,11.98081663,12.01466507,7.000006787,12.1885422,11.07113247,12.0518286,11.89531639,11.25702252,11.37001841,11.61213325,7.324617703,7.591385821,10.96237283,12.01485217,11.09856904,11.59566456,7.658832051,10.15153912,12.65862489,12.23735025,12.15887572,7.188353874,7.539432165,7.339838751,7.545989427,7.425831585,11.80698046,9.302802505,7.773791101,11.94895542,7.400641692,8.314523942,7.355611505,11.7473882,11.42624865,12.12986972,11.73407556,12.1084019,11.93302817,10.9924672,12.28260162,11.64470519,11.26270531,11.27755962,11.00713558,11.44038119,7.175844694,11.68487423,7.679373778,7.481793174,11.62505789,12.33506868,11.43567969,11.94526202,9.582393148,11.78291977,11.98106668,12.03995577,7.198349542,11.22408545,11.85611148,11.77283847
205866_at,10.53913116,12.62710435,7.114605241,12.6711608,8.108115985,7.660949929,8.639566047,11.59588901,7.065578983,11.07568109,11.21355302,7.708255339,9.44246295,12.04953512,6.647976328,9.478223072,7.159940993,7.267203349,11.64088913,12.90866326,8.832334282,9.590357621,8.598006047,9.072008819,11.94803774,7.873367767,10.81251125,7.121814538,12.19020177,8.943077872,12.41431783,9.793482439,7.976879335,11.908693,8.105935431,12.64849709,7.270509164,12.55287854,7.258130753,8.716209035,11.63145781,7.874557993,11.31434163,7.777082504,11.39449431,9.513021013,12.75067048,7.877944108,12.92330074,7.985571659,7.341080283,12.57209771,9.818044245,7.54586915,12.26634729,7.27588873,12.14208912,7.223554638,11.88511012,6.789465801,12.3530585,6.954099758,8.151068096,7.769533409,12.14266429,7.517108133,12.36313224,7.435359458,11.71395609,8.850606238,11.55966964,7.975463581,7.466959293,7.513115737,10.64566212,7.797953261,8.072919799,12.75964805,9.522447007,7.334473778,10.44913523,11.91738258,7.416253281,9.782893385,9.486980066,8.552318885,9.095110784,10.54074817,11.19193956,8.360945073,12.50882634,6.743619478,9.663388084,7.55936632,12.82090498,7.60137982,8.545692058,7.515387854,7.476059958,7.971051071,11.27022439,7.579260983,11.97301542,7.908458201,8.530931581,12.67507362,11.93937159
219612_s_at,8.134468402,6.724706529,5.425501746,9.868455522,5.246161859,9.205584132,7.45931817,9.919340735,6.521125134,7.43980563,6.639766559,11.54974583,6.684718024,7.999344116,5.592871424,9.904845774,9.135818996,8.624129196,5.729721682,10.48919971,12.45927903,10.04240583,8.230683117,6.205683925,8.248053401,9.092696737,9.885732122,11.14689382,7.769958427,5.303131405,6.978903514,7.915560857,6.110891324,8.202019399,7.475837213,7.751831803,6.984165369,8.841315904,11.77002255,6.111020362,9.803044114,6.490307257,9.084662999,6.227262915,9.732182048,11.18829238,8.770608517,7.369790093,6.16786781,10.36136942,9.210159749,11.68152982,8.748442058,12.72221394,9.31018485,8.942283484,11.65160503,5.273206611,9.889467829,9.814950219,9.67075133,8.463954847,9.555347726,11.08246595,9.926581596,5.317345817,11.17942433,9.326296351,8.951905703,6.389339397,9.060634177,9.795671109,5.212806323,5.668122665,8.541533434,7.26687919,5.633397226,8.505310535,6.660582899,9.81374617,12.08157876,11.09330389,12.34823613,5.745842025,9.151102629,8.86595076,7.07663996,8.467989814,10.72045508,12.00614004,8.560332532,6.601254908,7.628649178,5.217828462,6.387673993,7.715619853,13.25001826,5.943493352,9.417977786,12.53619045,10.27761489,7.411419734,6.830041971,6.369639081,8.641787109,8.890381484,9.496682595
214135_at,10.00835974,12.54718745,7.663618232,12.38807746,7.529028181,9.136817572,7.714639243,9.929694792,7.514335357,11.86635435,11.46884268,7.704178659,10.03808906,11.63848878,9.392858782,12.28250718,8.036489174,11.5638404,12.60694543,12.01117745,9.732030061,12.62750888,7.748614546,8.920931408,12.20879694,8.751664008,11.75526496,11.57910485,12.4737634,9.210660253,12.12714607,10.52447936,11.430791,12.02631617,9.030443429,12.36977557,9.164104267,12.45171703,7.245339004,7.339025589,12.06141517,7.674577571,11.89764033,7.690950339,11.95317819,9.814295701,12.48683895,8.651378782,12.31468946,8.854225869,8.060359178,11.60593834,11.63752774,7.050647439,12.07315167,8.407087349,12.33907578,7.744072208,12.2480343,8.921788244,12.10615085,7.717643596,9.154900873,7.713258864,12.28193302,7.484205064,11.86878346,7.954034025,12.30954233,9.478565331,11.41210841,7.018457191,7.480795629,8.116728935,12.1430889,8.012472025,7.266535073,12.13801357,12.21861898,8.9100778,9.947324771,11.95340152,7.710668131,12.32375777,9.196385955,11.78284918,12.22834437,12.47564425,12.29400283,8.490895078,11.9253354,7.116896275,12.16076507,7.367635695,12.70064284,7.571419871,7.446580844,7.400944417,6.749007929,7.905455437,11.51588467,10.45433068,12.21814719,7.41576339,9.906120492,11.98741514,12.10193901
221728_x_at,5.785363017,5.782341654,5.933886563,5.920555519,11.3030582,9.456219354,6.337035177,5.7484716,6.207816937,6.395331261,9.878494321,9.422435236,8.678335219,10.17642455,10.2222703,9.678014725,6.007358921,8.462599631,6.400395495,6.060429591,7.006577772,5.980724015,6.235867175,10.3276335,10.6246058,10.82201274,10.25014894,10.03962301,10.62503955,9.328531313,6.024757123,9.444540152,6.165122782,11.23225391,10.98798728,10.89375119,10.44988276,5.951003311,6.025238696,5.914623928,10.75987706,5.954961068,6.267070835,5.716258412,6.180707779,6.354414516,6.641461868,10.14915735,5.840619475,5.748976885,6.086169143,6.191583436,6.023882762,6.600254378,6.1475238,9.564469759,10.44776398,6.044682129,6.011524239,6.71949111,5.623637241,10.63881702,7.99902619,6.301419504,5.914909091,5.897372421,10.09117679,8.320670164,10.34846693,10.53937986,10.91404044,6.102217915,6.170576296,8.730403754,5.934353622,7.911932694,10.87719186,10.09638653,5.848188669,6.424746038,5.957044446,6.324906724,6.017221179,6.308315803,5.734178402,6.045565049,6.699882125,6.063085251,6.011579497,5.960201674,5.90439501,10.66975619,6.328753201,9.967334711,9.788625308,6.096575639,10.45827875,6.161454996,6.532124433,6.207604557,5.362373979,5.853007644,5.871514282,10.67341286,6.121986712,5.775923858,5.995833546
209612_s_at,9.35157211,11.57343535,6.492588598,11.67173555,8.739282,9.228745549,7.210642023,8.202351692,6.063189428,11.14171899,11.10200587,5.952444263,8.171110776,10.7176512,6.764732135,11.58851493,6.77351825,6.684692997,11.31200663,11.72257479,9.485121608,11.69350846,6.876052031,10.48016953,11.61767315,9.218749577,11.82704201,7.560956507,11.57882817,8.709756586,11.08789771,9.483974441,8.900882086,11.70746125,9.082643337,10.80639921,10.53742683,11.63700745,5.79193789,6.402746709,10.97918741,8.432923372,11.44957612,8.467466884,11.90583194,8.088760624,10.73209207,6.555794313,11.39148477,6.913604936,6.60323267,11.84606522,10.56315844,6.107553214,11.11363908,7.580846241,12.13075776,6.041168869,11.76480582,7.240689024,10.78546641,8.945044698,8.606394589,6.379320511,11.73963114,6.348332771,11.09767458,7.595792373,12.02104533,10.06545426,10.2426951,7.514218303,5.576865322,7.560498713,11.69889419,6.604785874,7.583061371,11.54496353,10.95918926,7.503107829,9.665469744,11.9091817,8.095236336,11.37580577,9.134045152,10.9292014,10.64903019,9.718599266,11.12556739,9.31431198,11.37387962,9.617181399,11.49349289,8.832749095,11.84543359,7.557152437,5.977328954,7.837488877,11.01797747,7.451132504,10.58716465,10.30283042,11.38315735,9.044466973,9.676997448,11.75141554,11.47804062
37892_at,9.338997263,5.520220332,7.681531743,5.601977194,6.681908072,9.95917023,7.106819137,7.28604045,10.87902008,5.655654598,5.494064335,10.02026284,8.086887794,5.415109184,11.27114572,6.179881916,8.50294641,7.673889475,5.793814126,5.314080592,6.099454695,5.504488506,6.764370249,5.687388231,5.612174453,7.313518058,5.524191661,9.307534561,5.350526961,7.421502929,5.409385409,7.201631428,10.03122264,5.263560694,9.161247613,5.493541565,9.174646638,5.037810848,11.06702963,8.097747698,5.554333655,9.067664786,5.703618858,9.027778287,5.514800828,8.761445443,5.610258321,9.432846573,5.397381497,10.21997552,10.70253148,5.323608395,5.849368666,10.00452308,5.930834243,10.7601592,5.766196189,11.43648192,5.423714606,8.810519337,5.3124063,8.695064086,8.988430036,10.35430634,5.694301629,7.25582683,5.663365965,9.32353913,5.57878503,6.618628347,5.623442645,10.91163007,7.620103438,7.08002628,5.291114558,8.788803119,9.378799536,5.500475267,5.836605421,6.109427434,7.562047371,5.436971168,11.67733754,5.83278996,7.76545824,5.327910993,5.747161666,5.784383065,5.496748246,7.44821496,5.548759307,11.3049495,5.653004287,12.19357387,5.513289821,5.667303219,9.255659398,7.123778822,7.803844486,7.263846511,6.616477058,9.877211301,5.477460717,8.083333061,6.597917358,5.568445534,5.375516536
209116_x_at,10.88377047,14.00759913,8.38547253,14.12930381,9.427740276,10.69539273,8.337216547,9.961139937,8.248713396,11.57889193,13.25546001,9.039772299,12.36603511,13.62855226,11.61804345,13.97441252,8.388658348,8.704290067,11.46441188,13.56539211,9.092557284,12.67617034,9.995923716,11.70544531,12.94871002,12.58025848,14.47212879,10.44007921,12.8459083,8.983465973,12.95707099,14.06039753,9.46617794,13.03992943,9.994487415,13.16264274,9.091048926,13.68377284,7.884701139,8.881603675,12.1294499,10.59360628,13.32463297,7.864688862,13.27643465,9.965157913,13.83417229,7.012039704,13.8065222,11.29171064,10.77209354,13.30934135,12.80042667,9.291433456,14.31303546,9.01831998,12.66549788,10.85912546,14.10880772,10.52135949,13.63913266,10.71297177,10.37882391,9.614160884,12.64504339,8.638381167,12.07842313,8.83955254,12.80800981,9.78563489,11.16051734,10.89648579,7.354320524,11.47545053,11.73006633,8.48828938,8.47212368,12.71338831,14.08641575,10.9449867,11.1138008,13.18608839,10.38319705,14.07774627,9.274571794,10.97774384,12.96197249,11.27786203,12.70272981,10.37763075,14.09349439,11.62732399,11.98802916,9.946661112,12.76911312,11.36599089,10.30666535,9.778435699,11.78754466,10.25456148,13.40373462,11.44338813,13.84627254,8.875802801,11.94667238,13.86311139,13.17354678
204351_at,7.09468414,7.204446178,6.953595819,7.095264485,7.563611371,8.425627226,7.218352489,6.661656932,7.083914392,7.229211814,7.880690446,6.754803029,11.97297264,9.965910664,10.48883497,7.092054498,7.008265717,6.385737654,7.583300446,7.07668028,10.45508126,8.127588485,12.63498836,6.746457406,6.795225126,7.696498189,8.559659779,10.71244713,8.095353522,8.989451442,6.850676317,11.32863379,11.17693793,7.065055104,9.298945614,7.22849716,8.677542468,8.096367002,8.690827213,9.750229401,7.438711063,8.657655537,8.337318052,8.912049928,7.173167651,11.97760199,6.520040932,8.93216226,7.122029909,10.98853317,11.32574535,7.73038859,7.797811408,12.76500411,8.146071558,9.463719305,7.232406338,11.83517046,8.253609347,8.690629732,7.262870465,9.964905564,12.91223422,9.826070077,8.220356978,12.01865082,8.475924974,10.12826074,7.127844084,9.847671164,7.056619111,10.34150412,6.815005586,11.23651647,6.553662268,12.53281856,7.871587847,7.83314142,11.38911054,12.86793225,13.13502302,7.769010022,9.895016814,7.02138398,10.68482807,6.503500254,8.45677644,8.469434022,7.605033351,13.44386509,7.660511678,9.097215901,8.250869219,7.889262032,7.703162016,12.00177613,12.54761667,9.445153977,10.72950061,13.00037677,8.115295152,8.696572451,6.583455165,10.82944765,9.534665852,7.401797761,7.564884022
205200_at,8.698560081,12.07781603,6.515484994,11.69193591,7.656737352,7.737645656,7.184744309,9.171504718,6.308475885,10.10733953,11.16047371,6.953248273,8.184919527,10.42326907,8.95727707,9.408935423,7.195706101,6.327324479,10.48822921,10.89482257,7.869790413,9.55906415,7.322858996,7.88850328,10.91032719,7.505476739,9.695724959,7.026036832,11.62612882,8.161441134,11.63240613,9.489381484,7.035733434,10.3321072,7.553579938,11.41074075,7.23441372,11.94704425,6.283283744,7.105771516,10.84599711,7.106804127,9.590965035,7.055338002,11.59075971,8.437647838,11.41616809,7.328753145,12.22023033,7.728611166,7.087000974,10.64543069,9.067299965,6.424697105,11.24231977,6.439677063,9.497001748,6.161657027,11.28344878,7.204663748,10.81810427,7.006871901,6.861312561,6.961146799,10.53534843,6.45550553,10.98554027,6.34813111,11.28079862,9.270511478,10.54440646,6.676811326,6.735900658,7.293451959,11.55365071,6.972832079,7.840712888,12.06157744,10.4337567,6.803233021,8.295153723,10.7191021,6.539863062,10.23931762,7.512945708,9.059650677,10.05882153,9.256589589,10.82523808,7.591135297,11.19871677,7.354982955,10.88447349,7.021069323,11.7793076,6.717311707,8.039367618,6.585871703,9.037192277,6.755540869,11.06837933,8.671749016,11.91026897,7.71125088,8.453595401,10.81409754,11.77774523
205000_at,8.919907311,9.36731487,6.379757447,9.605794723,5.024590969,8.42670389,7.927608434,9.209830946,7.976709706,8.230909362,4.745650611,5.115332032,5.081159604,4.71187387,5.740225613,5.215920711,7.424439432,5.04495682,8.912119234,9.493515549,7.988381302,9.813743421,8.049911526,4.940918796,5.069265228,4.393140617,5.048760554,4.772514891,4.822958061,4.698982023,9.200360355,4.914685022,8.214244015,4.923808329,5.151413478,5.210500854,4.788433318,9.066792066,8.425213722,7.706553411,5.063393352,8.618109405,9.155171275,8.039328155,8.86780927,8.867907635,9.009544464,4.749313086,9.207887563,7.982355784,8.591417713,9.032209802,8.619139998,9.155241287,8.851294869,4.945072208,5.144453822,8.94642494,9.193201514,7.985613982,8.899036592,4.883051633,7.368619215,9.616634827,9.405838184,9.049740873,5.121592674,4.81965214,4.780340501,5.112040624,5.031715688,8.046416784,6.321005869,4.909022869,8.679353233,4.886872559,5.060102267,5.264421003,9.260223583,8.42583052,9.15931597,10.10895862,8.211031716,9.030452739,8.19379378,9.596003304,9.701246731,8.757719421,8.753129071,8.577616045,8.864557069,4.697771994,9.534075741,4.9606861,5.093703526,8.936641379,8.809828123,8.608971627,9.130548982,6.646041068,8.812885387,8.69256316,9.234313566,5.0237552,7.956550262,9.382042609,8.640194265
201884_at,7.878624764,7.680343004,13.31252241,8.537738527,11.52416353,12.69850193,8.054952181,7.758463033,9.756908288,8.147301389,8.082207773,9.919422156,11.00309597,10.29923326,13.4728897,8.231090336,9.477348745,12.46773761,8.695737092,8.210958632,12.75394889,8.461750968,13.77816884,11.05701356,7.948011048,7.851697147,8.263158247,13.42280047,8.131793958,9.243284381,9.043690907,9.558748968,8.847630381,7.82233023,12.01202888,9.534000979,10.40200715,8.536194999,12.81562833,8.075786781,10.16639547,11.01273403,8.234804928,8.551944854,8.151465398,12.53784199,9.763927157,8.905525721,7.911204394,12.77941907,8.144907646,8.673586321,8.216217716,8.211315627,9.62343691,8.966305391,8.029372591,12.90256099,9.261987355,8.386437936,8.444542716,8.591968075,10.76364448,12.58541307,8.883715499,9.198046344,9.037596671,8.045167329,8.327500129,12.85252702,8.2588067,9.385346788,13.89883363,9.76286637,7.713310861,12.38976567,12.69726851,9.118670719,8.747971798,8.709132531,13.44538824,9.150297925,11.91610519,8.803593981,9.338186925,8.100782127,9.079126418,9.17315983,8.306637044,12.72433052,8.194602888,9.307062945,8.431205261,12.15803725,7.873884659,11.57914963,9.332109548,9.058892412,9.474429713,11.62971924,8.351563314,12.96500846,7.582896282,12.99085788,13.02617619,7.876498479,8.333573756
209074_s_at,8.79845236,11.21371841,6.573177103,11.38260725,7.357722075,7.996503253,7.220028036,8.243607711,6.525294052,10.14757124,10.59964131,6.909819104,8.226489127,10.29925329,7.00479402,10.98143526,7.036560435,6.482680257,10.13822762,12.39400595,8.19931093,10.95201972,7.34264386,8.385030498,11.58719699,8.42698067,11.61637376,6.97034996,11.50795285,8.692199434,11.09742506,10.26269508,7.699997222,11.57808865,7.531945642,10.51036586,7.263849588,11.066822,6.728746417,7.251964802,9.815074387,7.338403406,11.28327177,6.583591403,10.57319751,7.574080448,10.53673143,7.486483786,10.49790823,7.644964536,7.596551268,10.70286485,10.98055253,7.226306398,11.20489984,6.858443249,10.667278,6.925647567,10.55084377,7.239356525,10.33876529,7.298532507,7.218484247,6.819718856,11.04417876,6.884028644,10.72735281,6.969229738,11.08759856,8.79520829,10.27360769,6.571093224,6.288400062,7.458151095,10.17240363,7.229231223,6.876737476,11.77156954,10.82304122,7.418173033,8.521295318,11.48535475,6.691210346,10.07321807,7.416358902,9.607234603,10.91033103,11.15228684,11.32411873,7.568994864,11.02921605,7.632398134,11.32548335,8.079654211,11.39775545,6.359182288,7.795980583,6.780226504,9.176105006,8.324230366,10.95179524,7.744538634,11.23332644,7.150135359,8.910615638,11.47256012,10.81500758
213831_at,10.88538545,11.04075007,9.821188046,9.998941801,6.445894442,9.402148487,9.241851248,9.956770446,6.823253956,6.778124516,6.951668011,6.519035847,9.583371151,10.51321966,10.30046746,10.0248496,9.307444734,6.388287099,10.93001972,8.715330372,8.903099631,6.03653371,10.06121363,6.368605689,6.07225357,9.721278987,10.00701903,9.854226665,10.51197145,9.631781972,11.23882725,11.06929963,9.416369161,10.78782149,10.03218227,6.586697659,6.779551356,6.508583907,6.143511705,8.763624443,10.38131981,6.841285078,6.439747734,9.937221869,11.15802409,10.5315559,10.29216788,6.77847991,10.67973019,9.809007146,8.821473796,10.94863225,8.462682147,7.041218609,6.224830893,6.536928009,6.032900853,6.036614242,6.265702872,10.81430526,10.39321178,8.976639448,9.009365841,9.615395854,6.492502885,6.450370877,11.09394199,8.029873634,10.60438877,9.109318907,9.195156621,10.8698594,8.659597038,9.458016967,10.61279111,6.276805193,9.161523326,9.967351416,6.411848985,6.550301833,10.39947929,10.4129393,6.19814645,6.304424282,5.907922366,6.134095249,10.74049942,9.284970395,9.620831464,6.475129205,6.986469883,9.798288871,10.74207674,10.01136558,10.45385185,6.451911314,6.845487941,9.779360047,6.24740172,6.545072883,10.31206672,10.85305513,10.80100426,6.160512906,10.49494812,10.56375792,10.68450256
213317_at,9.753919314,11.63216659,6.796987342,11.65501828,7.201989862,8.308865165,7.02830946,9.63444097,6.299925159,10.56193203,10.67641609,6.695764345,8.524787231,10.56723757,7.490586727,10.5246057,7.042387269,6.928234039,12.01041873,10.81779802,8.377452223,11.75193691,8.859331474,9.322514509,11.44313541,9.592463786,11.05196395,9.43760761,11.66613926,10.11704043,11.45310821,9.328312016,8.378456114,11.22230035,7.651930519,11.37955269,8.353565887,11.18795906,8.396045561,8.655569142,11.14272623,7.436490317,10.58222016,7.043423747,11.34541279,9.186422557,10.99732047,6.953738365,11.59082243,8.138416195,6.691212094,10.78967862,9.147048464,6.312396958,10.66391134,7.866320101,12.02000856,6.765522279,11.15385365,7.734408887,11.07216185,7.652303811,8.108070951,7.110578061,11.70397422,6.855485769,10.91676499,6.312960114,11.53296247,8.152106261,9.892042937,6.957334742,8.138959566,6.800820652,11.02802283,6.663638543,7.051823642,11.22974847,11.12326,6.898721585,8.879185233,10.92522878,6.699164935,10.91149798,10.929128,10.53800747,11.10553296,11.41300734,11.16664771,8.077018699,10.89755572,7.575192139,11.23417894,6.916586347,11.41388381,8.108047949,6.590157533,10.59622061,7.213594501,7.72298319,10.43926761,9.256159901,10.96299911,7.83296089,8.713406086,11.29368996,10.72466836
211745_x_at,11.56564405,14.42071575,8.61708116,14.64903111,9.670259827,11.1866107,9.930513331,10.81988886,9.213954662,12.34915326,13.65201382,9.722082166,12.94070503,14.04465389,12.01707343,13.90222982,9.527895671,9.270314118,11.45232804,13.77999922,10.12702226,13.11774991,10.90747684,12.09552197,13.21741542,12.96076685,14.67162348,10.89705281,12.76263887,9.892514547,13.37170702,14.03872875,9.927796185,13.36324662,10.44160029,13.81700046,9.526409845,14.08014872,8.312264187,9.607247623,12.72725127,10.66533094,13.33699357,8.675092777,13.83017016,10.93114355,14.18039703,7.698022175,14.0519157,12.11118153,11.84143903,13.97376879,12.88586512,9.609533919,14.26257972,9.40837503,12.04552811,11.48220899,14.21297168,11.45405656,13.85716775,10.9574548,10.78932365,9.984236239,12.75774443,9.608260221,12.45916454,9.334181713,13.29760276,11.0612325,11.8669483,11.47425923,8.351700118,11.73733481,12.57253467,8.702968467,9.18771444,13.29068574,14.4884687,11.4011641,10.92804927,13.24884339,10.72851421,14.45072176,9.761557073,11.28906997,13.68066911,11.39039481,13.38563008,10.73325364,14.56459387,11.62611407,13.11201404,10.39812569,13.18350331,12.02541033,10.36742722,10.24587802,12.29037628,10.74929439,13.60712425,12.09900767,14.15507757,9.251453635,12.30367819,14.10602522,13.77846578
209458_x_at,11.51662243,14.20206473,8.917364136,14.6604791,9.304514099,10.86861597,9.651441597,10.70447725,9.257200116,12.38999932,13.63624113,9.740443092,12.67747516,14.10063138,11.73762381,13.73742311,9.44446535,9.282528327,11.46437446,13.77872771,9.880172944,12.84063058,10.79721548,11.78207676,13.36917588,12.77226024,14.69541478,10.78226252,12.91581913,9.586551107,13.15524142,13.92919616,9.89479693,13.36291036,10.30798718,13.77204023,9.558526967,13.7204264,8.252414288,9.52096289,12.46510053,10.45825321,13.23361562,8.554443257,13.85269931,10.91949596,14.36397469,8.280674399,14.19142883,12.01491767,11.89531006,13.88315058,12.93785137,9.763579461,14.42123757,9.311279831,11.83842402,11.31881808,14.4291852,11.24334082,13.83219674,10.854329,10.6162254,9.576904014,12.50415238,9.498784058,12.49218348,9.069604995,13.53043525,10.81165612,11.88629338,11.59687084,8.882751156,11.339448,12.64754643,8.690614315,9.330483165,13.07497687,14.26503652,11.49012305,10.72588886,12.92016165,10.78932081,14.39861394,9.578534916,10.99283227,13.53421538,11.31706165,13.37417356,10.61392477,14.3791911,11.54333614,13.01265839,10.03175509,13.21480138,12.10286378,10.38012581,9.944726263,12.22933552,10.91486469,13.43800184,12.05865562,14.20056073,9.411691498,12.39926024,14.18136332,13.5258688
217414_x_at,10.87310933,13.89947236,8.392576419,14.09339589,8.872600636,10.56175815,8.912376823,10.31009507,8.4644091,11.82150342,13.14109308,9.190891123,12.44477001,13.56457753,11.51562301,13.31271502,9.065961057,8.775108683,10.8053097,13.26023073,9.79224943,12.63195771,10.33483242,11.41691529,12.65238053,12.30742023,14.08728879,10.38352584,12.15710856,9.141199347,12.99440302,13.64882915,9.35757291,12.63748805,9.646777436,13.21483502,8.930880054,13.38847759,7.882003437,8.913018788,12.11887077,10.1969716,12.96734203,8.167850082,13.17864102,10.39368657,13.52947334,7.840068985,13.30246869,11.49008927,11.13310125,13.25583952,12.24732198,9.148709717,13.67712941,8.867018862,11.48635736,10.76674366,13.67170146,11.01580525,13.51497128,10.47910412,10.10132407,9.286515315,12.06067458,8.72905481,11.74422268,8.673739126,12.68795145,10.39243963,11.16142426,10.75676761,7.909806451,10.98171831,11.98318338,8.186183136,8.770022573,12.84470077,13.97384101,11.21661082,10.21160064,12.46296943,10.05443905,13.74543453,9.312278862,10.84645006,13.06990118,10.73963656,13.1669955,10.46763586,13.9537455,11.02411237,12.5893859,10.01588435,12.51573835,11.47867101,9.881223422,9.760839922,11.75342452,10.124537,12.93533759,11.4497536,13.78713866,8.63430895,11.73869124,13.60600084,13.15512175
203290_at,11.34756829,10.99186181,10.8659159,10.83105178,10.99270734,6.750197827,9.830255701,10.42577098,10.5953309,10.95165464,11.04823487,10.21594178,7.164210742,7.126931155,7.000555083,7.661302931,6.982682125,10.67729138,7.2410477,10.8294875,11.03671554,11.20417321,10.72526105,6.9037306,7.038133256,10.94720851,10.87759417,11.08570824,6.944155164,8.345888233,7.014065755,7.068122206,10.91204746,10.91007889,10.43189719,11.03227441,7.699970896,10.84884882,12.48582507,9.44605325,10.90284088,9.765330505,12.0321778,10.71494375,11.04608127,7.991639759,6.939383668,9.913231384,11.36588355,10.63647186,9.050112603,11.14609465,9.926208203,10.35268441,10.51101516,11.40513118,11.76236967,6.953922996,7.81253945,7.906719273,7.130897942,9.722194695,8.890299943,7.125656862,11.32511647,11.30149142,11.27620013,8.63313016,11.67592574,10.18199271,11.0275355,11.75414234,10.11977461,11.15316257,6.721052375,6.472724095,9.779097363,10.688855,11.25047726,9.466494273,11.33661469,11.38917401,12.27953206,12.69348768,9.414668963,11.21926682,10.5682271,6.741176799,7.207241507,9.344989224,10.78884289,10.91729586,6.894467853,7.324719691,6.815191847,9.302205183,7.653577101,6.764194936,11.07208051,9.90090574,10.73952298,11.56897923,10.78877746,11.37211395,11.19419259,11.1465719,7.078421934
204273_at,6.694160164,9.270731894,4.612537877,9.207480328,5.674956687,5.95693392,4.754744281,7.102551997,4.395981543,8.584432499,7.084759773,4.547425271,5.408672046,7.075925708,4.740842748,9.008041123,4.839983049,4.664736907,9.517505657,9.118089231,6.6916725,9.290299592,4.92863181,5.767011808,9.443655691,6.756050567,8.697504167,4.699374351,9.672440902,5.515369313,9.396851176,7.366326149,5.300891629,9.986208389,5.121127463,8.802561185,5.216953602,8.920977532,4.542273066,4.936556857,8.619964796,6.213293425,7.201491711,5.195639685,9.247722646,5.776155356,8.552231185,4.788609408,9.189878802,5.486727174,4.941190026,8.725447791,6.263152386,6.009295516,8.222097806,4.909530583,10.28505619,4.739923492,8.624997747,5.594725579,8.423870194,5.095351925,6.613376082,5.33566227,9.122799817,4.813047365,7.990734853,5.776557125,9.01003956,5.841340656,7.01624485,4.563670496,4.524348092,4.491156064,8.963860002,4.92611532,5.447587727,9.134360133,8.178278045,5.11497602,6.87250254,8.621036719,5.103675913,7.220083877,6.153533439,8.371037562,7.879081442,7.908420653,8.431684993,5.452707686,8.310574901,6.610248512,8.524054499,5.647889725,9.354828385,4.891483515,5.238314673,5.001380334,7.881157371,5.1846464,7.063091502,5.708296964,9.113287672,4.790885878,6.445784208,9.207682081,8.015371008
214218_s_at,4.228143339,4.383357962,4.711286494,4.500017502,9.38409944,7.524486401,4.782654854,4.389486394,4.573620891,4.85313827,7.877833961,7.974137865,6.633106289,7.739613987,7.995989599,8.169168245,4.650560569,6.593991333,4.837904536,4.37709822,4.866676725,4.382365431,4.529726571,8.512346118,8.479610775,8.973666099,8.226693859,8.136039554,8.520760537,6.900162346,4.568328292,7.52639915,4.781302061,8.717266753,8.874623855,8.121460947,8.479765377,4.397975707,4.569013595,4.39802309,8.123762138,4.62140256,4.491563448,4.466255314,4.567139074,4.936233573,4.614388882,7.891229935,4.298044883,4.290203063,4.404289759,4.44647112,4.663575025,5.060431846,4.476251715,7.634445509,8.565231105,4.475426656,4.339461398,4.672331337,4.723527458,8.246317251,6.285997172,4.321114008,4.384693773,4.453064755,7.979159641,6.643587374,8.207152276,8.730310741,8.589129181,4.391841522,4.368083703,7.569792687,4.614674579,5.766691134,8.698617991,8.227981538,4.762727931,4.640717889,4.282217357,4.522122896,4.432923785,4.591461281,4.773368892,4.364343526,4.687085369,5.076521583,4.55693362,4.571912622,4.994160488,8.694536591,4.457104093,7.921999962,8.120245643,4.39641807,8.301557398,4.412918459,4.632837183,4.643347301,4.246456889,4.200205372,4.219278638,8.688063857,4.46860863,4.357912047,4.514366423
211699_x_at,10.84277945,14.00218193,8.594021409,14.191979,9.057147669,10.70425419,9.479872807,10.30617474,8.567093889,11.75755005,13.11457174,9.417466218,12.48684976,13.65131783,11.65843518,13.39281718,9.235186299,8.860020472,10.65386629,13.34616748,9.660226871,12.4978282,10.23582285,11.56722346,12.58010183,12.31376777,14.38102452,10.42567192,12.29758452,9.216614956,12.93185383,13.71962053,9.500097488,12.65179463,9.833098149,13.32390549,9.262978464,13.80890053,8.210074622,9.48434315,12.19199927,10.17640288,13.02478467,8.44515027,13.3824841,10.3710206,13.75448009,8.333184645,13.61188917,11.46740518,11.11830711,13.43358827,12.25077141,9.298933489,13.91448882,9.091456201,11.53238617,10.86556222,13.69220869,11.10477075,13.34667108,10.52172098,10.11419732,9.454930384,12.07981899,9.139661816,11.75158762,8.771607882,12.67423132,10.54078902,11.15493533,10.7649464,8.585269512,11.03913192,12.02835251,8.517247998,8.92137291,12.79425475,14.09962537,10.97024205,10.25893706,12.59421993,10.12561506,13.971829,9.156810385,10.94537699,13.24614348,10.63624307,12.8647795,10.40388163,14.21586433,10.92461467,12.38655212,10.10387728,12.58905484,11.45609115,9.967505093,9.755018177,11.74366824,10.25359649,13.10875195,11.49967852,13.9793922,8.920507629,11.72691901,13.55619844,13.25497533
214414_x_at,11.23537608,13.75215363,8.005413049,13.47220789,9.217425594,10.54491506,9.37381886,10.87691762,8.487569088,12.25584154,13.31270113,9.078789048,12.49399735,13.59902643,11.31240792,13.10322716,9.371610911,8.847158213,11.53333261,13.16319994,9.571103874,12.52770613,10.59217408,11.66377156,12.82102583,12.37217766,13.97138452,10.32929323,12.24117596,9.611727445,12.51992073,13.36192818,9.883279754,12.92134598,9.660929311,13.04595543,9.340558893,12.46682444,7.879343789,8.787309955,12.18095651,10.34823881,12.80178099,8.189725568,13.18641635,10.20865883,13.21579758,7.763528232,12.85218826,11.46745377,11.58034558,13.37782762,12.40817969,8.833282738,13.65089659,8.726616649,12.26630343,11.37561586,13.63346666,10.77048596,13.36307603,10.52780419,10.42486515,9.665890537,12.6706684,9.055935997,12.23130222,8.901356507,13.29256652,10.46451436,11.52653734,10.86576205,7.523699802,10.68233727,11.89445625,8.065766397,8.4365831,12.51706043,13.76873831,11.30452797,10.36038997,12.67325084,10.37922457,13.43136994,9.373147405,10.90930913,13.06460512,11.62635833,12.91070413,10.53064356,13.5558686,11.37072237,12.8295405,9.423226049,12.55892293,11.47810019,9.744305979,9.500293833,11.97520907,10.40616482,12.42095559,11.65539386,13.02824917,8.433070498,11.80669562,13.5250261,12.4340705
214199_at,11.55134034,13.02322216,10.03948942,12.72668879,10.16400807,10.16029225,9.760216817,12.46278928,10.01344529,12.71773121,11.91184993,10.79978239,11.19185284,12.7713069,12.05883252,12.524382,10.01962446,7.046911346,12.74907282,11.4571363,11.70820069,12.83886068,9.861224504,10.72484388,12.77537669,10.93590987,12.77385839,7.808422047,13.06499911,11.92060886,13.04125811,12.22333997,9.202762043,13.17935947,10.14466046,13.21384784,12.86469068,12.44263621,10.46097834,9.255237655,13.0214039,9.039850949,12.26718429,8.54661302,12.45623618,11.95861114,13.011003,9.943850663,12.60365453,10.21917111,9.557454965,12.78918819,12.14999024,7.755711944,12.72822507,9.728999689,12.46785008,9.689087881,12.6353462,10.9912215,12.95853278,9.528540383,10.60749571,8.311281676,12.56411254,8.631118817,12.82920675,8.917229245,12.54780332,10.98218249,12.82447672,9.266212548,8.151710928,9.694938777,12.79209549,8.835030286,8.857401421,12.78310556,12.65657685,9.521945695,11.82260799,12.67212574,7.836291909,12.68511799,10.38852973,13.16053931,13.27338522,11.96055769,12.59832124,9.340398823,11.95729019,7.657250344,12.43847048,7.228418031,12.79379459,10.70131662,9.493809188,8.254039523,8.043761038,9.57185567,13.2118263,11.18775996,12.76035854,9.425665344,10.83395757,12.50417899,12.86904447
204268_at,13.00121534,6.764819721,11.13670742,7.904860653,9.456368245,7.246428284,13.00803059,7.5924439,10.00280068,6.941900935,8.327114145,8.317069877,9.24848567,7.567653464,7.25593041,6.89791143,7.704827561,6.644130401,7.249163619,6.975959959,6.998337505,7.266950226,9.625956332,7.385544381,6.461981893,10.15324109,6.641120622,7.971475208,6.872898745,8.040120947,6.817582926,7.999091849,8.935312686,6.706638418,9.882465695,6.680589162,7.796013191,7.186989583,9.257301173,11.07175734,6.873091824,9.362268913,7.327013701,10.74320294,6.967375313,7.148536946,6.75498682,12.80530056,7.111231444,8.452666531,9.605115092,6.977555199,6.946472624,7.066469426,9.839047753,10.41879542,7.125547113,7.137646191,6.850333088,7.415453641,6.097108337,7.758713068,9.742820932,8.944590697,7.163318894,11.56106013,7.553277161,12.47065716,7.013157066,7.805523964,7.458374849,11.61594866,7.915577645,9.463648781,6.637374244,13.85020546,10.03028352,6.801084295,6.993884893,6.80628267,6.888984488,6.677545532,7.542338137,6.774605874,7.754809479,7.371943529,7.876346645,6.916772291,7.303851744,8.295877355,6.491857726,8.237732429,6.760209437,8.220121721,6.946246736,9.496243235,7.363608491,6.934477399,11.73165042,11.99484046,6.820298114,9.072832768,6.985128703,9.87160953,7.313170732,6.873567309,7.040163154
202768_at,10.79073807,10.40691051,7.84342416,12.84007311,8.686982708,10.58411181,7.761182211,7.962431673,7.540512788,10.22169948,10.56717672,7.43357695,8.304742752,7.668749743,7.455006957,12.11426237,9.454474464,7.486518722,8.326897217,11.78792807,9.655313241,10.26143442,8.256040755,11.56105746,12.01054043,9.531037774,13.0867627,7.536630434,12.77793177,10.20722057,11.23351032,10.45323118,7.809492754,12.73993685,9.389941001,11.94516938,7.783706964,8.94910011,7.207907245,8.290298889,7.963148628,9.795333329,12.30986802,7.0709513,9.460179415,9.667427243,10.92935417,7.337075955,10.08542779,9.727288445,10.23440812,11.89325442,12.09188506,7.969400183,12.26100473,8.247521445,12.16495792,10.01595286,12.23586642,9.788561327,7.891487516,10.05759671,8.440005954,7.501572069,11.12868348,9.069526584,11.71873758,7.624388509,11.49475527,10.30681636,12.35877824,7.694714559,7.781742056,9.922934112,9.590345173,8.508898792,8.118861121,12.36899734,11.99654212,10.08072252,8.736158916,11.96721831,7.723483988,10.76750068,9.338703503,10.75518345,12.09584754,9.047214374,10.71856764,7.206512569,8.104315186,10.14454311,12.36465186,9.534336305,11.33507418,8.634789165,7.799723059,8.484074635,9.763418769,9.793374656,12.36022205,8.135196751,11.94947896,7.363832391,9.604328065,12.30111964,11.59839357
214612_x_at,4.798679178,4.827987858,7.290585147,5.098120447,4.926271551,11.07042148,5.118685399,4.902710014,9.4570293,5.231586264,5.313606839,4.917512254,4.943522004,4.931405513,5.071119681,5.022716701,4.918147095,10.83881191,5.125827228,4.923813602,4.977790997,4.958871485,10.51411553,5.148838412,4.695451825,4.909310792,5.04150661,4.863843278,4.952230509,5.371328207,4.86787584,4.894812391,5.119511837,5.112321528,5.036414618,4.915666064,5.07050517,4.884514765,4.94392567,4.735455447,5.109432344,5.003594337,4.885504156,4.847774824,4.930210821,4.763843228,5.001229966,10.74776057,4.741152282,4.853927499,4.958147692,4.877547545,5.039347763,5.583585617,5.585438787,5.062951344,4.989678246,10.98977434,4.748379677,9.065992282,5.132415339,5.296589197,7.250551596,8.549896749,4.827107247,5.064653625,4.955757648,4.907501604,4.864988608,7.096377648,4.950871352,4.792771105,5.017227111,4.987663643,4.784458696,10.54817666,4.869809641,4.983131074,4.969548268,5.121255744,6.252024827,4.987624762,4.802523031,4.991086452,7.901756882,4.922308159,5.03527961,5.21023917,5.010850725,5.075751526,5.061920314,4.891760338,5.121500134,11.01709554,5.039870441,5.006565799,10.72772326,9.632906982,6.212480334,4.767676252,4.961327214,4.884886782,4.836223268,4.733152177,4.737292475,4.896170921,4.958388616
209904_at,5.573302239,9.6883113,5.009753933,8.640712564,4.940311017,6.088655779,5.082307905,6.686997745,4.841190159,7.544551929,9.092901523,5.418698679,6.118087804,7.954839138,5.301969352,8.08998355,4.899354989,5.025207972,9.156681453,7.514309076,5.224723068,9.483543063,5.017619255,7.481645309,8.721617915,7.442934755,8.47057255,4.917735591,9.791267746,6.239257711,9.729043592,6.911303371,4.882261263,9.098377892,5.180462953,9.548095955,7.009168782,9.165942948,6.321028754,5.866914903,8.912546514,5.146305911,7.955654973,5.066516242,9.515758776,5.256513886,9.138042481,4.928397731,9.888236555,5.668573774,6.587347461,9.077990426,6.492515366,4.750159681,8.596535505,5.2781707,8.514719615,6.55071749,8.704820917,6.020852539,8.593105955,5.190841929,5.587341144,4.810955883,7.710410641,4.958570231,8.292419962,4.997611088,8.562436889,7.485341371,7.464034581,4.899205899,5.700759414,5.620319482,9.255929152,4.954889209,4.927768844,9.741360814,8.130761753,5.012066862,6.861176707,7.846005072,4.943370895,7.802817462,6.916708722,7.979335492,9.107573301,7.699390949,8.329677729,5.106955179,8.775333173,4.843791731,8.529840581,5.015400862,9.735469739,4.726631155,6.325004282,8.087722914,5.10744194,5.323335592,8.174845437,7.077158113,9.256849762,6.973924831,6.388576434,9.347963962,9.148160224
213674_x_at,6.609130874,7.91784541,7.709935089,7.608483027,8.696947256,6.675636024,9.400816163,8.756630627,6.670492648,7.767418314,6.909051895,6.541106191,6.92025163,7.046632573,8.885797636,7.612326026,9.875507042,6.476675293,6.72653892,9.118722713,11.95146715,6.811722527,7.00893906,9.322358845,9.026253305,6.073736825,7.867885298,10.40038685,7.077735732,6.582666131,7.828002695,7.779117832,8.2986288,7.266768615,8.990836845,6.924572855,11.60249639,6.880703443,8.254835223,7.187321068,8.604680606,13.15558199,11.01157963,9.261825337,8.005067266,9.846665241,7.677157356,8.355928491,7.795228707,7.654362113,7.574352153,7.403840069,10.99896072,6.561773302,7.792200344,6.401504985,6.332410518,6.566960713,6.250402323,9.636888807,7.433984159,8.322936585,9.589212642,6.355502687,7.612332128,10.14871283,10.26048461,7.920038016,6.368449988,6.637364587,13.09997096,7.427050273,11.26338302,9.988677951,7.309014581,7.247722981,6.553290024,6.371004583,9.499655312,9.531784889,8.380705008,8.400361675,6.688244137,6.756103797,8.351775722,11.99577073,7.013816303,8.893171047,8.366210404,6.370230794,6.665455885,7.887782485,8.90880753,6.617221529,6.527241067,11.20001906,6.570727573,7.132301084,10.8297334,7.566429485,12.85282966,7.278915292,6.795063053,12.38813379,8.310239821,7.454563337,6.41268828
217232_x_at,11.03016192,13.73259066,9.079438848,14.10652674,9.546743965,10.70703043,8.725109357,10.09044742,9.280891955,11.93099562,13.25400763,9.444967873,12.23415996,13.54683901,11.43024534,13.72189432,8.921242855,9.097534903,11.64090051,13.47967486,9.396758994,12.74332051,10.28673956,11.63303713,12.8627432,12.66626833,14.30223603,10.70797123,12.70813374,9.337301335,12.74128707,13.73157949,9.667352103,13.07982877,10.28787625,13.23368674,9.552696985,13.55792322,8.352126237,9.00652462,12.14401412,10.7130072,13.25806667,8.556083939,13.21243346,10.19936325,13.44101578,8.223213467,13.54731689,11.34658638,10.88878475,13.27137974,12.70346067,9.549113667,14.16468022,9.592252195,12.61118502,11.03278599,13.71349761,10.52973897,13.51730892,10.89678105,10.35850701,9.681751505,12.61528504,9.360129823,12.38676083,9.124481627,12.93512387,9.953625623,11.33627229,11.09634853,8.662684917,11.45718463,11.76454895,8.502036454,9.006737067,12.75261255,13.64652516,11.17823305,11.03682158,13.10928798,10.57861776,13.93429489,9.788205179,10.92354805,12.99781295,11.36095863,12.76886772,10.39337323,13.79065573,11.51949976,12.29169944,9.838269314,12.74915599,11.52656032,10.22111549,9.989386452,11.81340017,10.50865888,13.10176706,11.56762855,13.60768261,9.187101169,11.88709139,13.75855518,13.08490321
214774_x_at,6.796751155,4.759611219,8.021495242,4.811917713,8.847244458,8.243437992,4.337749216,4.596974837,6.664363198,4.283318857,5.081478863,8.565326964,6.32243917,5.322744822,8.807635443,5.080159284,8.639591201,8.883960852,4.627915572,4.605905541,7.917170685,5.607013743,8.164685097,7.275782877,4.912293117,7.840354796,5.182876551,10.14290903,4.540606542,8.817742864,4.114525138,5.659719463,6.32176047,4.458615971,7.118137038,4.760811964,8.10441374,4.25823576,9.971656118,8.627419024,5.73128768,6.102613969,5.182281931,5.844343085,4.791696984,9.354504303,4.519859257,4.348916767,4.830946991,7.844266071,5.851713801,5.313002054,4.320115445,5.09085312,4.376255649,8.5160999,5.680361748,5.540361122,5.745413951,6.286937768,4.622374781,7.785505812,6.898024475,7.817659505,5.452412514,4.770281726,5.026705836,6.632582389,5.024971597,7.50678312,4.339602879,4.390560318,9.635007733,4.356080751,4.51759945,4.660907035,8.063355349,4.673179094,5.757362129,6.392528979,8.400063139,4.49915289,9.364058552,5.063592704,9.074837107,5.081618985,4.261096277,4.680093794,4.449203963,7.51582728,4.419713511,7.286949613,4.773591837,8.307441059,4.600734791,5.450109672,5.848157455,7.283660431,6.341313197,5.178480795,4.898678501,8.272120775,4.628137371,8.054525824,8.509695393,4.142304589,4.584265218
204018_x_at,11.47766297,14.23888193,9.116167968,14.32786399,9.645138457,11.10391886,10.02555082,10.9304407,9.328703195,12.45925426,13.60583721,9.929988594,12.91940308,14.06517739,11.93070521,13.88866405,9.721520748,9.542416502,11.47145033,13.83199716,10.14420908,12.93891708,10.93057516,11.85718002,13.27556563,12.83006346,14.70828299,10.96464482,12.9262603,9.847544361,13.31937654,14.00061064,10.0831726,13.2852919,10.44863915,13.67613127,9.848399563,13.81343162,8.502732011,9.910933325,12.59480138,10.63280704,13.26419679,8.740075621,13.80041209,11.04213695,13.91740026,8.862050443,13.81643989,12.07190838,11.95267767,13.95178382,12.89874782,9.84522574,14.29006533,9.652053487,11.88288234,11.42657593,14.27084799,11.5137122,13.8325903,10.91596479,10.76253191,9.82637862,12.54190605,9.817257568,12.37331512,9.180520116,13.40129713,11.10542905,11.86027763,11.57869664,8.981919575,11.68659362,12.61323053,8.981289633,9.373752933,13.20429662,14.30771277,11.64971673,10.77439256,12.97651148,10.83451829,14.12114506,9.875461089,11.29869575,13.58816294,11.44731154,13.38768277,10.92072929,14.46917233,11.53975572,13.00248521,10.51747707,13.09042543,12.18715675,10.45262523,10.28312489,12.29220074,10.93870164,13.45024847,12.16421494,14.05040402,9.570855646,12.50280411,14.16880533,13.638576
217046_s_at,7.009421288,10.34410105,6.1595177,9.77050254,5.893807063,6.244765633,6.003936274,7.752448057,6.375404343,8.703839073,9.504695714,6.46088811,7.251646335,8.457558689,6.226780749,8.863911196,5.896832266,5.829663763,10.38264704,8.785345473,7.114687757,10.27536212,6.23752432,6.351494032,10.42523258,6.545506383,9.594426635,6.072174179,10.60419012,6.455119592,10.63052639,8.267515628,6.346031099,10.03447399,6.511481656,10.65613801,6.408517393,10.25012113,5.955483367,6.712962418,9.645454288,6.062517835,8.600230396,5.897985194,10.68269219,6.665463487,9.509770572,6.384810655,10.91890146,6.83719602,6.433353887,9.260139828,8.486506633,5.772862833,9.552576743,6.283199887,9.68740835,6.069365469,9.15418956,6.014625461,9.260540225,6.251960722,6.550939843,5.772552713,8.679930325,6.338615631,9.182449059,5.964973633,9.966778465,7.804893364,7.849013993,6.272710596,6.282979975,6.880109132,9.636170664,6.142035227,6.454545225,10.77776976,9.089652328,6.465441066,7.16708682,9.097546448,5.892089254,8.65984101,6.475178707,7.717957086,9.948402939,8.446015358,10.02830937,6.404968379,10.10457885,6.074536863,9.450264979,6.634642707,10.62474385,6.698391006,6.671491171,8.583464049,6.565978683,6.171463303,9.423668926,6.549244155,10.08609445,6.451696274,7.384993044,10.26553287,10.34150011
204885_s_at,5.882188161,6.848514886,5.195174484,5.985619285,5.056897737,6.543525661,8.090597935,7.960923357,5.155615072,7.805324726,6.86763642,5.352353096,7.443418834,9.494855222,5.02150033,6.937625684,5.089924613,5.253691722,5.819913395,5.440157425,7.158166199,8.067651825,5.23801642,10.46456412,9.800390744,5.293289873,7.395102416,6.324094013,7.172266543,9.455420405,6.816309084,8.150697476,6.621049525,6.510389863,5.444782072,7.526567057,9.926460728,6.707697933,5.436763886,5.594922671,7.760474108,7.554021881,8.548460154,9.370931574,5.439747306,10.75209177,7.486247885,5.499317711,6.858830724,5.149379235,5.504213148,7.619494781,6.702764077,9.828271218,6.940342307,8.03383696,6.303206543,10.4409688,8.572030828,5.476268913,5.934695788,5.336519826,10.07180181,7.62431084,8.107903184,6.358732735,7.099156571,7.014519417,7.440575507,6.46468552,6.296825932,5.553214318,5.227053577,5.729362197,9.114333648,6.385206537,9.084355223,7.756945344,8.462273984,8.951053959,8.211771118,5.795837491,9.369789773,9.409788033,9.996861346,8.263943957,8.937554598,7.549885021,8.746381108,11.03459516,6.223755433,5.288167861,8.636478833,5.09312422,7.444774982,11.68966627,10.20842562,6.059379572,6.412819743,8.926187916,9.184827927,9.024510537,9.332252613,10.53883242,5.709071964,7.0394621,5.913562624
209278_s_at,8.9106461,6.363289486,6.504466627,6.773770725,7.682301357,7.844948045,5.937853017,7.414078997,7.918446494,6.633069568,6.415261359,8.853046806,8.478455792,5.827808954,6.863180817,6.76666171,12.83204993,6.410114836,8.038951402,6.664933024,11.53693615,7.792509298,7.193017243,8.480765766,7.232923799,6.24056589,8.14337855,5.993206158,7.571561219,6.177024643,7.138038308,5.983433692,6.278556429,6.994161572,9.532314072,6.868850545,9.02540261,6.130746136,9.3103117,8.055395777,5.994670772,10.66906559,7.20246898,9.980604618,7.302319385,5.797281435,6.888970444,6.179909967,7.381227326,8.206502889,5.998352148,6.154962849,7.110268113,12.14275379,6.690581966,11.01060517,7.699338143,7.993872396,5.963772465,10.99006333,6.431536622,12.15849577,9.342009273,10.23223149,7.433762105,10.87331259,6.256235023,6.817269479,8.044114858,8.649860606,7.755203128,8.362402909,5.443502851,7.125030092,5.931731673,8.049715016,10.85511675,6.945890324,6.957228676,10.42886142,7.683804137,7.190058069,10.19581072,7.267534321,7.622922195,7.818227852,6.779937232,7.341055216,6.889722175,7.004613468,7.149819846,11.98513875,7.167089598,5.932967572,7.171526192,6.317040773,6.78784921,6.697260697,6.906084545,6.470632818,5.932279309,7.767554763,7.648163078,6.961687877,11.89614359,6.276345761,6.311853444
